-- phpMyAdmin SQL Dump
-- version 5.2.1
-- https://www.phpmyadmin.net/
--
-- Host: 127.0.0.1
-- Generation Time: May 06, 2026 at 07:33 PM
-- Server version: 10.4.32-MariaDB
-- PHP Version: 8.2.12

SET SQL_MODE = "NO_AUTO_VALUE_ON_ZERO";
START TRANSACTION;
SET time_zone = "+00:00";


/*!40101 SET @OLD_CHARACTER_SET_CLIENT=@@CHARACTER_SET_CLIENT */;
/*!40101 SET @OLD_CHARACTER_SET_RESULTS=@@CHARACTER_SET_RESULTS */;
/*!40101 SET @OLD_COLLATION_CONNECTION=@@COLLATION_CONNECTION */;
/*!40101 SET NAMES utf8mb4 */;

--
-- Database: `vocalid_db`
--

-- --------------------------------------------------------

--
-- Table structure for table `attendance_logs`
--

CREATE TABLE `attendance_logs` (
  `log_id` int(11) NOT NULL,
  `user_id` int(11) NOT NULL,
  `challenge_id` varchar(36) NOT NULL,
  `phrase_used` text NOT NULL,
  `spoken_text` text DEFAULT NULL,
  `text_match_score` float DEFAULT NULL,
  `text_verification_passed` tinyint(1) DEFAULT NULL,
  `spoof_score` float DEFAULT NULL,
  `spoof_detected` tinyint(1) DEFAULT NULL,
  `final_decision` enum('accepted','rejected','missed') NOT NULL,
  `verification_timestamp` timestamp NOT NULL DEFAULT current_timestamp(),
  `scheduled_time` timestamp NULL DEFAULT NULL,
  `response_delay_seconds` int(11) DEFAULT NULL,
  `biometric_score` float DEFAULT NULL
) ENGINE=InnoDB DEFAULT CHARSET=utf8mb4 COLLATE=utf8mb4_general_ci;

--
-- Dumping data for table `attendance_logs`
--

INSERT INTO `attendance_logs` (`log_id`, `user_id`, `challenge_id`, `phrase_used`, `spoken_text`, `text_match_score`, `text_verification_passed`, `spoof_score`, `spoof_detected`, `final_decision`, `verification_timestamp`, `scheduled_time`, `response_delay_seconds`, `biometric_score`) VALUES
(89, 1, '261b48b7-cefc-4356-a919-52be778d5046', '91 bear run red 73', '91, we are run red 73.', 0.772727, 1, 0.356502, 0, 'accepted', '2026-05-06 16:05:57', '2026-05-06 16:05:49', 8, 0.724628),
(90, 1, '453c4c44-3edc-4ed9-88eb-1af488b57109', 'blue sheep walk 89', 'Blue sheep walk 89', 1, 1, 0.125403, 0, 'accepted', '2026-05-06 17:05:02', '2026-05-06 17:04:54', 8, 0.698628),
(91, 2, '3619066f-6625-4d5f-9d12-f29559c11782', '31 pink cat find 37', '31 being get fined 37', 0.714286, 1, 0.990265, 0, 'accepted', '2026-05-06 17:07:03', '2026-05-06 17:06:54', 9, 0.713643);

-- --------------------------------------------------------

--
-- Table structure for table `deleted_user_ids`
--

CREATE TABLE `deleted_user_ids` (
  `user_id` int(11) NOT NULL,
  `deleted_at` timestamp NOT NULL DEFAULT current_timestamp()
) ENGINE=InnoDB DEFAULT CHARSET=utf8mb4 COLLATE=utf8mb4_general_ci;

--
-- Dumping data for table `deleted_user_ids`
--

INSERT INTO `deleted_user_ids` (`user_id`, `deleted_at`) VALUES
(3, '2026-05-06 10:39:14'),
(4, '2026-05-06 10:39:11'),
(5, '2026-05-06 10:39:08');

-- --------------------------------------------------------

--
-- Table structure for table `managers`
--

CREATE TABLE `managers` (
  `manager_id` int(11) NOT NULL,
  `username` varchar(50) NOT NULL,
  `password` varchar(64) NOT NULL,
  `full_name` varchar(100) NOT NULL,
  `created_at` timestamp NOT NULL DEFAULT current_timestamp()
) ENGINE=InnoDB DEFAULT CHARSET=utf8mb4 COLLATE=utf8mb4_general_ci;

--
-- Dumping data for table `managers`
--

INSERT INTO `managers` (`manager_id`, `username`, `password`, `full_name`, `created_at`) VALUES
(1, 'manager', 'ef92b778bafe771e89245b89ecbc08a44a4e166c06659911881f383d4473e94f', 'Nadir Shah', '2025-11-15 14:29:52');

-- --------------------------------------------------------

--
-- Table structure for table `speaker_embeddings`
--

CREATE TABLE `speaker_embeddings` (
  `id` int(11) NOT NULL,
  `enrollment_id` int(11) NOT NULL,
  `embedding` longtext CHARACTER SET utf8mb4 COLLATE utf8mb4_bin NOT NULL CHECK (json_valid(`embedding`)),
  `model_name` varchar(50) DEFAULT NULL,
  `created_at` timestamp NOT NULL DEFAULT current_timestamp()
) ENGINE=InnoDB DEFAULT CHARSET=utf8mb4 COLLATE=utf8mb4_general_ci;

--
-- Dumping data for table `speaker_embeddings`
--

INSERT INTO `speaker_embeddings` (`id`, `enrollment_id`, `embedding`, `model_name`, `created_at`) VALUES
(116, 116, '[15.611305236816406, -41.23787307739258, 5.5111565589904785, 17.133953094482422, 30.902681350708008, 41.02197265625, 8.72036075592041, -17.788619995117188, -21.133056640625, 25.73265838623047, 31.11924934387207, -41.75557327270508, 15.414276123046875, 11.29631519317627, -10.402554512023926, -25.144622802734375, -69.02561950683594, 14.559971809387207, -17.65891456604004, -19.66510581970215, -8.0747652053833, 29.204776763916016, -28.729318618774414, 3.317641496658325, -33.41260528564453, -27.09294319152832, 22.98844337463379, 52.421287536621094, -4.570957660675049, 11.871145248413086, -4.065179824829102, 30.158048629760742, -7.083107948303223, -3.7668051719665527, -21.22987937927246, -36.05774688720703, 16.06881332397461, -5.605979919433594, -25.89299774169922, 23.20823860168457, 2.734339952468872, 55.37266159057617, -30.109468460083008, -21.896190643310547, 5.176995754241943, -20.619401931762695, 2.4912915229797363, -26.003931045532227, -3.4356637001037598, -26.950790405273438, 12.62309741973877, -21.171106338500977, -10.315292358398438, -40.18993377685547, -18.28472137451172, -48.33491134643555, 6.87262487411499, 13.281265258789062, 8.356199264526367, -26.536659240722656, -33.63517761230469, 12.655257225036621, -42.8192253112793, 6.346946716308594, 19.385019302368164, 32.973915100097656, 26.196388244628906, 51.66564178466797, -44.53470230102539, 8.818766593933105, -46.667266845703125, -3.710575819015503, -11.166783332824707, -15.639589309692383, 53.38630294799805, 21.69928550720215, 16.76045036315918, -21.868833541870117, -7.973776817321777, -54.090972900390625, 6.11161994934082, -22.556612014770508, -11.888696670532227, 12.829215049743652, 18.5395565032959, -22.533796310424805, 41.142948150634766, -19.189125061035156, -34.818424224853516, -1.2354832887649536, 23.645801544189453, 1.5426298379898071, -14.355331420898438, -1.5903116464614868, 12.953213691711426, -4.967341423034668, -26.661340713500977, -12.827486991882324, 8.907495498657227, -35.12202072143555, 9.964921951293945, 4.384530544281006, 42.36365509033203, -28.031484603881836, -8.337776184082031, -4.467356204986572, 33.343971252441406, -65.99732208251953, 2.07096791267395, 6.260842323303223, -13.032240867614746, -5.915459156036377, 5.445495128631592, -16.012752532958984, 26.443492889404297, 11.66215991973877, -18.834068298339844, -57.360530853271484, 37.21807098388672, 16.010150909423828, 8.183119773864746, -37.20864486694336, 16.172725677490234, 18.429349899291992, 26.812896728515625, 8.198060989379883, -38.9879150390625, 14.074624061584473, -18.012197494506836, 1.425011157989502, -23.63870620727539, 13.066112518310547, 16.913040161132812, 27.104171752929688, 0.5488372445106506, -10.488846778869629, -13.08784008026123, -17.516036987304688, 2.6845686435699463, -10.556039810180664, 13.55262565612793, -13.350751876831055, -12.158230781555176, -2.3938283920288086, 24.56081199645996, 8.279327392578125, 8.228889465332031, 6.758264064788818, 23.51845359802246, -5.798396587371826, -49.460079193115234, -29.413558959960938, -9.0809965133667, 41.752540588378906, -7.090986728668213, 11.077866554260254, -15.871089935302734, 37.13117218017578, -13.49726390838623, -11.80105972290039, -23.591516494750977, 6.816609859466553, -12.335492134094238, 35.036109924316406, 9.001819610595703, -24.695659637451172, -7.943986892700195, 5.739842414855957, 6.888995170593262, -40.965084075927734, 28.457630157470703, -53.33027648925781, 22.93745231628418, -5.1643877029418945, 19.365657806396484, 14.872182846069336, -64.36597442626953, -29.107282638549805, 41.08511734008789, 23.544342041015625, -2.0344157218933105, -3.673860549926758, 3.328857183456421, -3.1211955547332764, -22.592355728149414, 17.483163833618164, -25.120603561401367, -26.601253509521484, -14.596710205078125, -11.152814865112305, -6.675844192504883, 55.41379928588867]', 'ecapa-tdnn', '2026-05-06 16:02:50'),
(117, 117, '[17.76834487915039, -2.0004677772521973, 12.862771034240723, 14.990604400634766, -5.452666282653809, 13.843055725097656, 3.1943559646606445, -14.539695739746094, -29.697662353515625, 3.2473080158233643, -25.507997512817383, 15.101136207580566, 56.31698989868164, 28.613676071166992, -21.166446685791016, -19.5313777923584, -14.082311630249023, -22.573017120361328, -11.117743492126465, -3.3867111206054688, -23.19647979736328, 0.8127756714820862, -59.30437469482422, 0.590745210647583, 3.272998809814453, -36.00203323364258, -28.827085494995117, 17.97613525390625, 25.49807357788086, -11.430004119873047, 3.169481039047241, 37.63581085205078, -35.75955581665039, 9.012459754943848, -38.30079650878906, -6.35823392868042, 30.243654251098633, -27.965579986572266, -2.4434878826141357, 10.727011680603027, 40.1043586730957, -8.260419845581055, 11.055794715881348, -17.781982421875, 7.428863525390625, 0.6798704266548157, -17.04142951965332, -5.61585807800293, 37.41265869140625, -5.960136890411377, -4.933939456939697, -3.7035539150238037, 26.20716667175293, -7.302494049072266, -11.704848289489746, -18.368478775024414, 12.02125072479248, 17.2161808013916, 16.175424575805664, -26.174522399902344, -26.809955596923828, 22.092601776123047, -13.678142547607422, -23.972196578979492, -22.351730346679688, 35.641883850097656, 22.036603927612305, 14.697683334350586, -0.8047328591346741, 38.041046142578125, -36.30008316040039, 22.748821258544922, 8.843549728393555, -15.679661750793457, -8.399455070495605, -13.469765663146973, 1.2475723028182983, 10.772994041442871, 18.160642623901367, -18.68223762512207, -11.711230278015137, -24.78350067138672, -2.7447121143341064, 25.909543991088867, 11.662056922912598, 1.5060359239578247, 16.28131103515625, 23.39103889465332, -49.59363555908203, -11.238677978515625, 4.8047614097595215, 14.98647403717041, -25.66605567932129, 21.756322860717773, -20.162771224975586, -37.73215866088867, -30.483205795288086, -20.279613494873047, 40.0753059387207, -2.3929364681243896, 22.823928833007812, 47.41534423828125, 15.376694679260254, -34.2679557800293, -38.82093048095703, -6.5899529457092285, -6.5526533126831055, -16.871379852294922, 1.857120156288147, -10.838133811950684, 15.9846830368042, 4.301907062530518, -1.5184656381607056, -41.03105545043945, 7.104459762573242, 21.50319480895996, -10.421005249023438, -11.405577659606934, 22.26527976989746, 35.420433044433594, -5.691110610961914, -2.6641600131988525, 30.932647705078125, 0.11751218140125275, -6.53951358795166, 8.979957580566406, -29.892179489135742, -9.637802124023438, -3.562835216522217, -10.142772674560547, 16.661277770996094, -19.175100326538086, -26.842557907104492, 21.793317794799805, 36.79457473754883, -44.2676887512207, -20.532094955444336, -14.316764831542969, 22.19536781311035, 7.569096565246582, 13.401102066040039, -20.718523025512695, -13.16275691986084, -20.658164978027344, 17.9045467376709, -13.117953300476074, -5.599728107452393, -2.0239644050598145, 23.709787368774414, 25.52857208251953, -22.801551818847656, 22.67479705810547, 18.938940048217773, 19.27751350402832, 9.474397659301758, -69.71524047851562, -19.833227157592773, 36.19822311401367, 3.917837381362915, -19.116289138793945, -37.99500274658203, -30.58075714111328, -11.133728981018066, -14.613069534301758, 12.505169868469238, -3.8962934017181396, 19.19367218017578, -8.318827629089355, 21.44142723083496, -29.894447326660156, 30.772504806518555, -29.644895553588867, 24.443111419677734, 4.834078311920166, 8.888470649719238, -10.761130332946777, -45.16808319091797, -24.431739807128906, 41.5328483581543, 30.807283401489258, -38.20408630371094, -16.466835021972656, 9.714472770690918, 0.5206472277641296, 6.820854663848877, 39.527645111083984, 4.067559242248535, 14.442338943481445, -24.490161895751953, -25.594539642333984, -31.559755325317383, 47.1734504699707]', 'ecapa-tdnn', '2026-05-06 16:02:50'),
(118, 118, '[15.35600471496582, -8.77601432800293, 4.429673194885254, 22.165699005126953, -12.094344139099121, 52.44319152832031, -24.022926330566406, -29.00457763671875, -35.46778106689453, 25.92121124267578, 15.050274848937988, -12.031371116638184, 32.88344955444336, 16.970125198364258, -17.81239891052246, -11.48381519317627, -27.754228591918945, -10.38255500793457, -25.7851505279541, -17.407623291015625, -15.169541358947754, -20.18023681640625, -71.30689239501953, -3.4757864475250244, -18.160892486572266, -47.3433952331543, -16.287965774536133, 27.61146354675293, -20.8214168548584, 39.66908645629883, -4.444727420806885, -0.31597834825515747, -10.642394065856934, 14.49355697631836, -11.802547454833984, -5.293981552124023, 3.460219383239746, -35.341636657714844, 2.4976603984832764, -17.135852813720703, 19.758563995361328, -3.122609853744507, -9.072930335998535, -44.08721160888672, 15.848651885986328, -26.827375411987305, -6.1431169509887695, 7.2744221687316895, 35.232940673828125, 11.750479698181152, -3.5176143646240234, -7.424190998077393, 11.836982727050781, -32.25499725341797, 19.44256591796875, -7.771055221557617, 20.957256317138672, -17.36159896850586, 26.879844665527344, -23.66248321533203, -26.255033493041992, 28.53628158569336, -11.93933391571045, -12.238744735717773, -0.7708054184913635, 10.870884895324707, 2.07930850982666, 7.2039475440979, -22.093673706054688, 11.81396770477295, -44.52505874633789, 3.0244388580322266, -6.009960651397705, -15.508087158203125, 17.041303634643555, -11.311208724975586, -20.84308433532715, -22.117382049560547, 1.7599915266036987, -13.906641960144043, -19.031044006347656, -28.714069366455078, 10.391440391540527, -22.039064407348633, 14.479223251342773, 27.9727725982666, 21.115867614746094, 30.068811416625977, -4.076767921447754, -16.01507568359375, 18.860109329223633, 7.139190673828125, -3.053422689437866, 13.783866882324219, -8.817397117614746, -9.725077629089355, -27.88566780090332, -48.55751037597656, 25.0615291595459, -39.369239807128906, 47.823753356933594, -2.242077589035034, 48.54966354370117, 1.9585658311843872, -8.262160301208496, 3.8977913856506348, 24.098644256591797, -47.021846771240234, 6.63772439956665, -9.963826179504395, 16.628156661987305, 5.109910488128662, 24.124265670776367, -34.90885925292969, 3.949110746383667, 23.456472396850586, 4.761391639709473, 18.175458908081055, 33.76637268066406, 22.569171905517578, 16.05355453491211, -34.50320816040039, 18.32577896118164, -2.3967576026916504, 6.683974742889404, -3.390347480773926, -37.09793472290039, 23.64980697631836, -9.600089073181152, -39.665069580078125, -15.13612174987793, 6.982231140136719, 0.20351973176002502, 0.43185171484947205, 22.273229598999023, -19.41651725769043, 11.842500686645508, -38.13667678833008, -18.399099349975586, -11.565336227416992, 5.389167308807373, -8.864816665649414, 28.62748908996582, -0.7209063172340393, 26.486278533935547, -38.78679656982422, 28.98948860168457, 2.8753809928894043, 35.307518005371094, 3.4163551330566406, -14.317922592163086, -35.43663024902344, 31.874317169189453, 22.18266487121582, 7.9549174308776855, -32.887691497802734, -5.343531131744385, 17.579296112060547, -23.91576385498047, -7.724330425262451, -23.016986846923828, 3.1164815425872803, -3.7128891944885254, 16.633018493652344, 8.132650375366211, -50.40522766113281, 5.708878993988037, -40.84648132324219, 14.605673789978027, -46.667579650878906, 9.74743938446045, -31.760168075561523, 24.90048599243164, 13.131473541259766, 24.064952850341797, -14.42005443572998, -54.06145477294922, 1.413316011428833, 67.38273620605469, -5.9588942527771, -32.51091003417969, -31.62305450439453, -9.236467361450195, 26.525012969970703, -10.837187767028809, 31.153078079223633, 4.864213466644287, -21.424955368041992, -8.702266693115234, -3.175828695297241, -19.801088333129883, 45.10130310058594]', 'ecapa-tdnn', '2026-05-06 16:02:50'),
(119, 119, '[11.19680118560791, -22.81546974182129, -13.96757984161377, 20.3160343170166, 2.5658655166625977, 39.551063537597656, -18.265724182128906, -13.547656059265137, -42.72212600708008, -23.184940338134766, 0.19525915384292603, -10.44101619720459, 28.226112365722656, -4.232538223266602, -20.183622360229492, -28.8608341217041, -0.773267924785614, -7.090246677398682, -30.275556564331055, -30.784576416015625, -31.31723403930664, -18.572856903076172, -52.1978874206543, 18.365968704223633, -21.266921997070312, -72.27666473388672, -7.740278720855713, 45.10337829589844, 31.760562896728516, -5.565321445465088, 16.2995548248291, 17.187776565551758, -5.807722568511963, -1.87925386428833, -18.04164695739746, 6.149147987365723, 20.776203155517578, -19.51791763305664, -3.167717218399048, 34.42621612548828, 19.748228073120117, -0.0027898666448891163, -5.96605110168457, -22.520532608032227, -2.086122989654541, 14.075773239135742, 9.705361366271973, 20.257593154907227, 41.92688751220703, 2.3120055198669434, -32.65816116333008, 4.737951755523682, 3.785412073135376, -26.8396053314209, 17.60083770751953, -15.765186309814453, 40.340415954589844, 8.105116844177246, 0.5831859707832336, -3.909857749938965, -24.210811614990234, 10.617310523986816, -31.9774227142334, -25.68466567993164, -11.25456714630127, -2.5313806533813477, 21.160207748413086, 8.257767677307129, -26.111534118652344, 32.58158874511719, -20.170177459716797, 11.386815071105957, 7.501000881195068, -31.05010986328125, 6.583730220794678, 7.322531700134277, -3.4432826042175293, -6.75851583480835, 9.776691436767578, -11.940969467163086, 3.782907724380493, -14.84664535522461, -13.843184471130371, -17.66020393371582, 21.032367706298828, -9.005800247192383, 17.3537540435791, 45.18387985229492, -2.2166175842285156, 19.890954971313477, 5.968947887420654, -5.860117435455322, -27.295202255249023, -4.613507270812988, 13.857809066772461, -38.31123733520508, -0.3256785571575165, -12.25238037109375, 14.462862014770508, -1.5667724609375, 27.563955307006836, 46.02446365356445, 30.90915870666504, -19.787561416625977, -8.833270072937012, -26.8406925201416, 39.6874885559082, -13.695805549621582, 7.72299861907959, -17.758655548095703, -1.9821372032165527, -1.385107159614563, 1.242423176765442, -0.9249534606933594, -9.405122756958008, 16.722017288208008, -7.600724220275879, -16.87819480895996, 43.307838439941406, 28.903640747070312, 18.02614974975586, -44.98988342285156, 15.211163520812988, -1.8453707695007324, -9.200806617736816, 11.274785995483398, -17.129838943481445, -9.766654014587402, -8.866926193237305, -6.522895336151123, -5.98939323425293, -18.446557998657227, 1.058750033378601, -11.395495414733887, 33.651371002197266, -7.541371822357178, -6.249815464019775, -35.449440002441406, 15.06551742553711, 23.72031021118164, 22.93045997619629, -33.45302963256836, 17.663671493530273, -5.913839340209961, 7.6945061683654785, -23.48050308227539, 3.6207447052001953, -18.146127700805664, 9.669556617736816, 46.56832504272461, -32.65115737915039, -11.211323738098145, 23.426685333251953, 38.12190628051758, 4.639732837677002, -41.755428314208984, 14.464881896972656, 28.859764099121094, -6.148880481719971, -30.57568359375, -12.91903018951416, -13.94561767578125, -7.611691474914551, -6.252537250518799, 13.18272876739502, -39.461280822753906, 29.598114013671875, -10.611254692077637, 6.85202693939209, -24.248729705810547, -1.1112542152404785, -14.993331909179688, 17.646671295166016, 8.796853065490723, 27.43503761291504, -21.49884796142578, -25.167123794555664, -13.639362335205078, 66.33837890625, 20.525659561157227, -34.908817291259766, -9.778521537780762, -21.649412155151367, -5.5630574226379395, -20.26555824279785, 34.27983856201172, 8.16357421875, 1.3107846975326538, -11.279669761657715, 1.6058076620101929, 15.396116256713867, 51.118953704833984]', 'ecapa-tdnn', '2026-05-06 16:02:50'),
(120, 120, '[-19.017786026000977, -13.553755760192871, -16.983871459960938, -2.44710373878479, 6.0534515380859375, 54.02088165283203, -6.778805255889893, -38.58755111694336, -27.774255752563477, -13.428690910339355, -10.301676750183105, -0.6656416058540344, 50.166996002197266, 46.16157150268555, -16.08761978149414, -23.652313232421875, -31.57884407043457, -1.4206262826919556, -21.628843307495117, -2.572780132293701, -45.142887115478516, -3.966348648071289, -65.9340591430664, 19.267000198364258, -9.63495922088623, -49.63630294799805, -28.07591438293457, 14.390488624572754, -45.36164093017578, 21.256370544433594, 37.69706726074219, 27.10831069946289, -15.838563919067383, 5.5605692863464355, -11.860023498535156, -8.549860000610352, 10.094840049743652, -40.97057342529297, -15.915425300598145, -2.0575873851776123, 38.664764404296875, -37.35475540161133, -19.559255599975586, -26.285316467285156, 6.9036946296691895, -1.4291632175445557, -6.484061241149902, 5.941316604614258, 28.55942726135254, 22.056087493896484, 13.821158409118652, -15.968622207641602, 19.3174991607666, -26.142271041870117, 4.7619452476501465, -23.466585159301758, 34.96742630004883, 11.604241371154785, 36.157142639160156, -30.8294620513916, -26.039106369018555, 27.98527717590332, 6.173555374145508, -21.227527618408203, 6.838499069213867, 22.49128532409668, 12.755223274230957, 19.280054092407227, -17.776485443115234, 33.46405029296875, -47.00947189331055, 1.7043240070343018, 1.5618982315063477, -2.243551254272461, 34.69120788574219, 1.201950192451477, -37.971431732177734, -3.5543463230133057, 18.065473556518555, -20.60511016845703, -30.609962463378906, -6.931161403656006, -14.017775535583496, -37.340118408203125, 41.27181625366211, 25.204225540161133, 26.622610092163086, 39.8487663269043, 5.050046443939209, 14.030362129211426, 22.112714767456055, 6.18587589263916, -24.594900131225586, 31.793668746948242, -36.167110443115234, 0.0032219979912042618, -40.70182800292969, -7.191312789916992, 59.613685607910156, -21.445621490478516, 50.709232330322266, 43.862281799316406, 35.14319610595703, -9.273903846740723, -16.680116653442383, 1.6830201148986816, 40.44849395751953, -38.71968460083008, -3.5811843872070312, 8.48189640045166, 11.637892723083496, -0.6087508797645569, 18.620380401611328, -25.321077346801758, -4.755687236785889, 7.002967357635498, -17.977577209472656, -19.29630470275879, 4.221561908721924, 18.43896484375, 33.562217712402344, -24.35260772705078, 33.466705322265625, 16.17743492126465, 9.471742630004883, 8.818885803222656, -68.91654968261719, -4.647947311401367, 1.7834763526916504, -36.015560150146484, 1.6272655725479126, 2.182086229324341, -17.579050064086914, 10.030738830566406, 34.66204071044922, -10.802655220031738, -7.217845439910889, -28.40859031677246, -30.689847946166992, -25.444211959838867, 24.20527458190918, -4.560553073883057, 21.811540603637695, -4.517805099487305, 31.270835876464844, -21.535079956054688, 19.262222290039062, 0.7539199590682983, 26.764432907104492, 13.105843544006348, -40.49863815307617, -6.981070041656494, 25.02557373046875, 29.446016311645508, -9.619682312011719, -39.314083099365234, -17.732954025268555, 37.74985122680664, -1.365954041481018, -2.1632626056671143, 6.314578533172607, -18.840206146240234, -17.197444915771484, -5.520145416259766, 15.436089515686035, -85.62759399414062, 13.562429428100586, -8.015429496765137, 32.31373977661133, -30.78681182861328, -29.386140823364258, -20.754045486450195, 36.82044219970703, -18.037654876708984, 4.139452934265137, -16.95043182373047, -57.16364669799805, 19.37466812133789, 54.37982940673828, -20.207759857177734, -21.751131057739258, 20.222002029418945, 7.688032150268555, 1.7872811555862427, 11.213464736938477, 26.66928482055664, -5.542891502380371, -36.02869415283203, 3.9256553649902344, 20.140602111816406, 2.2143189907073975, 30.08214569091797]', 'ecapa-tdnn', '2026-05-06 16:02:50'),
(121, 121, '[11.932604789733887, -11.216096878051758, 8.322197914123535, 29.56296730041504, -26.407657623291016, 27.638397216796875, -13.215374946594238, 25.804868698120117, -28.67105484008789, 24.90497589111328, -26.725688934326172, -13.08383560180664, 20.105634689331055, 7.997040271759033, 8.376550674438477, -69.07221221923828, -28.373598098754883, -9.07573413848877, -23.682348251342773, -34.15630340576172, -55.218692779541016, 9.107589721679688, -72.91930389404297, 4.177935600280762, -21.640859603881836, 3.292023181915283, 17.886661529541016, 50.28160095214844, -12.06583309173584, -3.629611015319824, 23.047855377197266, 28.341434478759766, -23.575735092163086, -65.05712890625, -42.30601119995117, 25.96162986755371, -16.512020111083984, -35.923404693603516, -5.53424596786499, 45.965518951416016, 69.32788848876953, 5.364258289337158, 29.0125675201416, -13.96727466583252, -10.34510326385498, -39.39982223510742, -18.171358108520508, 27.03805160522461, 53.31267547607422, 1.358049988746643, -1.9483318328857422, -17.99491310119629, 15.94111156463623, -16.210329055786133, 6.603594779968262, 11.376714706420898, 25.503992080688477, 7.397348880767822, -21.174787521362305, 13.818163871765137, 25.164390563964844, 21.332326889038086, -21.877565383911133, -24.019826889038086, -29.015674591064453, -39.25334930419922, -25.896867752075195, 10.026398658752441, -48.08197021484375, -6.767099380493164, -30.63337516784668, 30.858888626098633, 29.135831832885742, -15.112728118896484, 11.803597450256348, -12.697368621826172, 9.897451400756836, 10.261800765991211, -13.595598220825195, -50.997039794921875, 0.06529834121465683, -22.48093605041504, -6.036644458770752, -28.888418197631836, -10.760579109191895, -1.142277717590332, 26.5418758392334, 66.15153503417969, -21.804637908935547, -18.219764709472656, -2.488201141357422, -8.370692253112793, -21.965717315673828, -12.15488338470459, -20.936792373657227, 32.52069854736328, 21.237102508544922, -7.065983772277832, 38.79861068725586, -21.513532638549805, 37.20631408691406, 23.83827018737793, 29.309341430664062, -24.867443084716797, -37.66552734375, 11.27365779876709, 17.492944717407227, 9.89942455291748, -57.84706497192383, 11.733951568603516, -8.353795051574707, -18.521257400512695, 10.060999870300293, -53.582984924316406, -49.90031433105469, 4.542230129241943, -6.363631248474121, 5.631647109985352, 31.643226623535156, 10.5728178024292, 10.764792442321777, -8.213173866271973, 44.52240753173828, 22.624652862548828, 1.0460267066955566, -20.728660583496094, -54.61961364746094, 61.22357940673828, -6.274144649505615, -34.493595123291016, 3.0707099437713623, -7.573908805847168, 15.256502151489258, -16.524564743041992, -12.568459510803223, -14.084245681762695, 33.50429153442383, -28.20383071899414, -15.533703804016113, 34.462650299072266, 1.1091012954711914, -15.467681884765625, 20.155963897705078, -6.061432361602783, 25.9896297454834, -17.039215087890625, -0.9659695625305176, -18.51373863220215, -21.51971435546875, 25.460956573486328, 6.524321556091309, -56.19474411010742, 23.533796310424805, 23.588037490844727, -7.00692081451416, -37.266197204589844, -19.94515609741211, 38.35194778442383, 9.0480375289917, -48.49650192260742, -9.768492698669434, -22.842365264892578, -4.632289886474609, 5.952856063842773, 18.416709899902344, -20.91769790649414, 10.030960083007812, -28.963459014892578, 45.3477668762207, -37.47463607788086, 25.23021697998047, -36.06950378417969, 33.29288101196289, 31.07976722717285, -18.806604385375977, -17.315996170043945, -21.744586944580078, 12.99398422241211, 53.2817268371582, 36.77812576293945, -50.44970703125, -82.38822174072266, 10.34429931640625, 33.49272537231445, 11.578264236450195, 34.794151306152344, 24.647233963012695, -10.77988052368164, -9.561902046203613, -12.032424926757812, 8.833230018615723, 22.922042846679688]', 'ecapa-tdnn', '2026-05-06 17:00:08'),
(122, 122, '[14.123066902160645, -1.0955647230148315, -30.12018394470215, 10.226688385009766, -21.429784774780273, 39.389434814453125, 4.467892646789551, -24.980173110961914, -5.538773059844971, 13.826445579528809, 5.972521781921387, -3.1863186359405518, 14.819544792175293, 33.720481872558594, -54.64674758911133, -64.36251068115234, -30.38034439086914, 3.922175645828247, -47.85831069946289, -25.61837387084961, -33.332523345947266, -22.568801879882812, -55.55270004272461, -16.275753021240234, -6.708034038543701, -51.359283447265625, -33.19057846069336, 49.900848388671875, -10.479415893554688, 16.24734878540039, 12.06251335144043, 3.0711724758148193, -24.447315216064453, 3.5507068634033203, -3.013042688369751, -10.962782859802246, -26.89044952392578, -36.41001892089844, -0.2633741497993469, 1.3409653902053833, 13.600210189819336, -5.1120734214782715, -4.869383811950684, -2.6274640560150146, 6.400407791137695, -48.3450927734375, -30.927785873413086, -5.781379222869873, 31.368165969848633, 25.147310256958008, 12.477090835571289, -3.951343536376953, 15.343944549560547, -39.0600700378418, 23.035322189331055, -29.797809600830078, 2.2896888256073, -0.8180881142616272, 10.787059783935547, -43.438934326171875, -4.837286472320557, 36.1245002746582, -11.205296516418457, 5.514620780944824, 12.135761260986328, -13.364299774169922, -8.266578674316406, 7.613236427307129, -19.3808650970459, -5.045293807983398, -20.07938003540039, -1.0345172882080078, -3.609844207763672, -9.408598899841309, 25.608386993408203, -14.718472480773926, -46.347816467285156, -2.89967942237854, 7.51719856262207, -18.416139602661133, -11.899059295654297, -14.186811447143555, 5.728900909423828, -17.07844352722168, 23.29706382751465, 28.433584213256836, 6.315573692321777, 30.571195602416992, -23.196775436401367, -1.9106923341751099, 7.705214977264404, 4.960230827331543, -13.021716117858887, 19.336071014404297, -4.146701335906982, -14.876729965209961, -7.5422139167785645, -23.850309371948242, 64.26564025878906, -18.218229293823242, 50.26869201660156, 5.859206199645996, 39.3814811706543, -2.69827938079834, 10.948357582092285, -15.133984565734863, 15.990947723388672, -32.8165397644043, -14.649206161499023, -10.517106056213379, -2.333347797393799, 12.855090141296387, 19.919893264770508, -25.694324493408203, -30.55606460571289, -6.509011268615723, 12.512615203857422, -5.795835494995117, 35.93855285644531, 3.1418895721435547, 10.527953147888184, -35.55952453613281, 15.918210983276367, 4.519760608673096, 16.839153289794922, 8.80122184753418, -50.28763961791992, 13.887648582458496, -8.89343547821045, -38.64238357543945, -17.690523147583008, -19.736995697021484, 5.561191558837891, 0.4576967656612396, 5.904647350311279, 13.609962463378906, 16.697620391845703, -31.202062606811523, 8.495344161987305, 3.244584560394287, 25.36384391784668, 0.5788363218307495, -23.755962371826172, 10.708436965942383, 21.478256225585938, -6.002181529998779, 39.4540901184082, 17.837888717651367, 21.235849380493164, -18.076091766357422, -20.858726501464844, -24.08785629272461, 15.46853256225586, 19.349878311157227, -5.755507946014404, -70.30846405029297, 4.47889518737793, 19.769737243652344, -7.159464359283447, -22.563770294189453, -4.955172061920166, 6.813086032867432, 9.204257011413574, 2.227349281311035, 16.512094497680664, -23.970720291137695, 32.38932800292969, -9.26669979095459, 32.5947151184082, -40.06730651855469, 6.989327907562256, -25.81326675415039, 15.355962753295898, 13.002613067626953, -9.957685470581055, -15.4080228805542, -45.09220886230469, -20.476797103881836, 58.55294418334961, -19.391189575195312, -5.335983753204346, -34.960514068603516, 8.758981704711914, 17.73303985595703, -15.55085277557373, 45.70743942260742, 25.974206924438477, -7.71261739730835, -4.998310089111328, 3.5130650997161865, -15.918009757995605, 52.34872817993164]', 'ecapa-tdnn', '2026-05-06 17:00:08'),
(123, 123, '[-15.135636329650879, 0.7235992550849915, -56.86104202270508, 23.322439193725586, 6.860469818115234, 43.733787536621094, -7.275911331176758, -32.15458297729492, -34.307518005371094, 14.429267883300781, 24.589366912841797, -4.694841384887695, 5.907978057861328, 39.22443771362305, -50.2233772277832, -11.362338066101074, 6.327400207519531, 2.94048810005188, -35.10427474975586, -17.447172164916992, -13.734951972961426, -39.48774719238281, -54.538597106933594, -12.337778091430664, -19.175384521484375, -43.82651138305664, -55.69749450683594, 64.7583236694336, 1.1178730726242065, 40.90061950683594, 20.516460418701172, 19.052080154418945, -24.273500442504883, -32.22366714477539, -5.82568359375, 9.905659675598145, -8.246384620666504, -33.39046096801758, -18.406946182250977, 17.45473861694336, 4.494973182678223, -9.984313011169434, -24.22166633605957, -29.99404525756836, 8.912015914916992, -43.431243896484375, -6.1357269287109375, -1.7077430486679077, 26.697938919067383, 2.0101125240325928, -59.65196990966797, 21.868444442749023, 22.878036499023438, -30.298471450805664, 9.49174690246582, -25.47575569152832, 40.80113983154297, -4.5534844398498535, -10.811919212341309, -22.623184204101562, 4.334473133087158, 52.60435104370117, 7.294646263122559, -35.982479095458984, 12.203697204589844, -5.475280284881592, -16.342927932739258, 25.94586753845215, -33.60897445678711, 11.569376945495605, -16.501523971557617, 6.776601314544678, -8.544144630432129, -42.982601165771484, 40.521942138671875, -25.109216690063477, -11.70836353302002, 2.7570078372955322, 49.597389221191406, -12.1516752243042, -0.29932186007499695, -25.83367156982422, -9.647892951965332, -15.103948593139648, 4.4524970054626465, 64.51600646972656, 21.837570190429688, -6.148522853851318, 7.9730329513549805, 1.835922122001648, 14.502310752868652, 2.9267935752868652, -14.9476900100708, -2.5314693450927734, 6.545071125030518, -6.697565078735352, -38.999237060546875, -40.386451721191406, 18.854721069335938, -9.178677558898926, 24.941925048828125, 12.573603630065918, 27.685741424560547, -15.542858123779297, -8.535550117492676, -39.9106330871582, 19.491662979125977, -52.01279830932617, -41.8754768371582, -41.292457580566406, -6.244350910186768, -6.929225444793701, 25.015289306640625, -13.46139907836914, -23.86707305908203, 1.5219435691833496, 1.8698281049728394, -30.5053653717041, 43.7958984375, 2.073446273803711, 32.59473419189453, -37.29315948486328, 43.999290466308594, 15.726685523986816, 9.548271179199219, -16.512039184570312, -32.322139739990234, 8.3560209274292, -21.918296813964844, -20.690366744995117, -18.152301788330078, -28.318065643310547, 8.887910842895508, 20.495201110839844, 28.365068435668945, 30.02155876159668, 12.892043113708496, -20.34824562072754, -22.217506408691406, -11.288204193115234, 19.023534774780273, 16.26906394958496, -2.846114158630371, 2.776916742324829, 6.892290115356445, 7.23616361618042, 28.10576820373535, -17.55045509338379, 2.774404287338257, -1.285952091217041, -39.853328704833984, -7.80487060546875, -15.92303466796875, 6.631385326385498, 15.805048942565918, -69.99190521240234, 32.14323806762695, 29.041481018066406, 8.58190631866455, -38.34421157836914, 10.733258247375488, 8.988750457763672, 25.10822105407715, 20.295438766479492, 32.39429473876953, -20.32482147216797, 25.635042190551758, -38.25227737426758, 26.634700775146484, -39.668941497802734, -17.023298263549805, -40.942901611328125, 11.66436767578125, 2.112398624420166, -13.805331230163574, -31.701683044433594, -8.628318786621094, -37.068870544433594, 40.90390396118164, -6.689695358276367, 5.684863567352295, -28.95708656311035, -30.286558151245117, 41.770591735839844, -0.1276247203350067, 15.98315715789795, 27.422809600830078, 15.146781921386719, 17.16754150390625, -6.196658134460449, -18.234556198120117, 36.42507553100586]', 'ecapa-tdnn', '2026-05-06 17:00:08'),
(124, 124, '[-10.953455924987793, 23.257612228393555, -31.975149154663086, 0.37145090103149414, -17.98612403869629, 44.345001220703125, 2.5144524574279785, -33.78248977661133, -4.513956546783447, 36.504661560058594, -25.533706665039062, 11.43658447265625, 36.2095947265625, 27.494232177734375, -16.96498680114746, -73.45783233642578, -33.05635452270508, 21.513198852539062, -54.29140853881836, 1.5042142868041992, -14.105113983154297, -23.526897430419922, -43.74319076538086, 22.733448028564453, -26.431381225585938, -39.22491455078125, -50.73384094238281, 61.04065704345703, -18.953346252441406, 20.558250427246094, 16.02543067932129, 38.05826950073242, -44.35585403442383, 14.610325813293457, -17.560529708862305, 10.281336784362793, -4.854276657104492, -41.040523529052734, 3.5680367946624756, 27.6624755859375, 27.714853286743164, -18.95970916748047, -10.563530921936035, -38.647823333740234, 0.6316477060317993, -32.537109375, -20.270795822143555, 16.70346450805664, 3.8763675689697266, -5.89240026473999, -22.047977447509766, -16.97751808166504, 20.4152889251709, -42.19859313964844, -0.023046817630529404, -27.64898109436035, 7.827153205871582, -12.117697715759277, 7.970553874969482, -20.112789154052734, -22.55186653137207, 27.039060592651367, 6.066028594970703, 1.5776569843292236, 0.4917547106742859, -20.904029846191406, 8.14555835723877, 26.157724380493164, -25.02659034729004, -0.9572299718856812, -35.533931732177734, 16.57709312438965, 2.4889373779296875, -0.650237500667572, 23.3455753326416, 0.8251530528068542, -19.555082321166992, -18.716400146484375, 9.736577987670898, -24.502275466918945, -12.679502487182617, -15.095494270324707, 0.2704226076602936, -23.217021942138672, 36.99559783935547, 8.1991548538208, 9.10787296295166, 30.277942657470703, -19.2506160736084, 31.018545150756836, 10.69959545135498, 3.046692371368408, -20.332387924194336, 23.179079055786133, 5.857998371124268, 1.4982409477233887, -26.12090492248535, -3.0810775756835938, 27.216262817382812, -23.116355895996094, 33.41412353515625, 14.816498756408691, 81.9424057006836, 20.74452018737793, -8.3101167678833, -13.308377265930176, 33.383460998535156, -34.048187255859375, -23.796850204467773, -10.928730964660645, -0.3617298901081085, 20.864797592163086, -5.745052814483643, -52.09807586669922, -7.002394676208496, 20.799972534179688, -15.153656959533691, -0.03683576360344887, 40.92582702636719, 28.477027893066406, 35.12828826904297, -38.17056655883789, 29.905269622802734, 25.399805068969727, 7.0295562744140625, -8.063037872314453, -52.598941802978516, 9.05683708190918, -38.73207473754883, -32.34324264526367, -1.59162437915802, -10.120742797851562, -0.15799912810325623, -30.39906120300293, -2.1610946655273438, 18.033037185668945, 26.523605346679688, -37.065425872802734, -27.453739166259766, -23.439558029174805, 36.62255096435547, 28.44280433654785, -4.920802116394043, 5.315649032592773, 56.120216369628906, 20.209794998168945, 60.37788391113281, -2.7513837814331055, 29.774160385131836, 4.112131118774414, -26.610431671142578, -1.4874324798583984, 6.780858993530273, 20.987398147583008, 12.8092622756958, -52.3716926574707, 16.545076370239258, 9.878185272216797, -2.3466708660125732, -18.31519889831543, -6.011898994445801, -5.803472518920898, -10.598573684692383, -3.8848013877868652, 38.869144439697266, -38.01471710205078, 10.994975090026855, -39.8809928894043, 23.00624656677246, -42.17961883544922, 19.547332763671875, -35.814022064208984, 28.293235778808594, 31.02031898498535, 5.253486633300781, -25.069156646728516, -33.198638916015625, -30.2535400390625, 44.71220397949219, 8.697325706481934, -19.777206420898438, -30.89864158630371, 12.519052505493164, 32.92066192626953, -29.07088279724121, 24.66154670715332, 7.884655475616455, -11.804963111877441, 27.20136260986328, -15.600234985351562, 8.246268272399902, 48.97401809692383]', 'ecapa-tdnn', '2026-05-06 17:00:08'),
(125, 125, '[5.99547004699707, -14.419132232666016, -21.54388427734375, 21.098155975341797, 6.20472526550293, 19.51175880432129, -17.13591957092285, -29.904008865356445, -21.177717208862305, 14.00075626373291, 5.571590423583984, -13.046446800231934, -14.560970306396484, 28.741477966308594, -18.31796646118164, -60.447044372558594, -5.413907527923584, 6.592312335968018, -32.4830322265625, -17.470500946044922, -21.11214828491211, -39.01902389526367, -47.97066879272461, 15.045317649841309, -12.336484909057617, -65.79283142089844, -21.142147064208984, 44.86708068847656, -10.01639175415039, 9.560855865478516, 6.076530933380127, 31.20267105102539, -15.264213562011719, -8.369677543640137, -18.68653678894043, 0.16375237703323364, -5.718395233154297, -58.342857360839844, 5.701640605926514, 22.540969848632812, -1.8821961879730225, -12.828340530395508, 21.69231605529785, -23.481231689453125, 22.750829696655273, -18.00222396850586, -13.290246963500977, 0.45898205041885376, 34.04460525512695, 8.659090995788574, -25.72772789001465, -3.7511844635009766, 15.477807998657227, 1.67711341381073, 6.635324001312256, -27.844430923461914, 33.94002914428711, -1.933488368988037, -2.318800687789917, -30.135913848876953, -4.823440074920654, 33.28179168701172, 6.685242176055908, 31.659879684448242, -1.9862432479858398, -4.059552192687988, -23.32803726196289, 17.425668716430664, -39.336822509765625, 7.6927080154418945, -30.053733825683594, -5.1869401931762695, 18.381669998168945, 11.607221603393555, 41.42366409301758, -8.25670337677002, -21.5531005859375, -24.646413803100586, 26.379850387573242, -9.886466979980469, -18.286991119384766, -2.032593250274658, -8.083086967468262, -15.327250480651855, 19.581106185913086, 5.114988803863525, -3.4187421798706055, 13.430804252624512, -15.280217170715332, -9.781606674194336, 47.95293426513672, -13.477042198181152, -32.93279266357422, 12.32667064666748, 12.6504487991333, -11.124427795410156, -36.045101165771484, -42.02854919433594, 24.552104949951172, -22.51610565185547, 19.831100463867188, 26.316558837890625, 67.40088653564453, 11.623738288879395, -1.5254309177398682, -10.044327735900879, 33.918426513671875, -38.78612518310547, -15.913569450378418, 1.9325685501098633, -12.158447265625, -11.68148422241211, 1.8463596105575562, -40.6533317565918, -25.65506362915039, -8.932646751403809, -14.725323677062988, -24.72452735900879, 57.23479080200195, 10.417487144470215, 40.16960906982422, -58.9057502746582, 27.90557098388672, -19.837488174438477, 8.177124977111816, 20.33323097229004, -39.67507553100586, 42.11256408691406, 2.6642510890960693, -27.343923568725586, 11.332582473754883, 1.438334584236145, -9.691610336303711, -1.025652527809143, 29.970033645629883, 11.98122787475586, 18.388019561767578, -20.6840763092041, -29.11846923828125, 0.6335867643356323, 9.402769088745117, 33.335899353027344, 3.9730920791625977, -25.521350860595703, 25.640968322753906, 3.2524523735046387, 27.351436614990234, 8.2818603515625, 40.024085998535156, 5.802093029022217, -17.404918670654297, -24.362728118896484, 9.60600471496582, 10.89327621459961, 3.9754292964935303, -60.883548736572266, 26.65602684020996, 28.229246139526367, 12.89553165435791, -12.728780746459961, 8.084821701049805, -12.092390060424805, 10.391009330749512, 8.039857864379883, 28.435998916625977, -30.28569793701172, 5.7016520500183105, -43.05180740356445, 36.88076400756836, -17.06856918334961, 5.5223612785339355, -22.843591690063477, 43.67372131347656, -12.389617919921875, 23.305866241455078, -33.396759033203125, -34.31522750854492, -4.612622261047363, 60.80752944946289, 20.28933334350586, -21.890981674194336, -14.563444137573242, -2.97829270362854, 35.14604949951172, -12.883410453796387, 18.535947799682617, 33.38079833984375, 14.794538497924805, -23.50470733642578, -11.42764949798584, -1.3150769472122192, 52.714332580566406]', 'ecapa-tdnn', '2026-05-06 17:00:09');

-- --------------------------------------------------------

--
-- Table structure for table `users`
--

CREATE TABLE `users` (
  `user_id` int(11) NOT NULL,
  `full_name` varchar(100) NOT NULL,
  `email` varchar(100) NOT NULL,
  `created_by` int(11) NOT NULL,
  `created_at` timestamp NOT NULL DEFAULT current_timestamp(),
  `last_attendance_verification` timestamp NULL DEFAULT NULL,
  `consecutive_misses` int(11) DEFAULT 0
) ENGINE=InnoDB DEFAULT CHARSET=utf8mb4 COLLATE=utf8mb4_general_ci;

--
-- Dumping data for table `users`
--

INSERT INTO `users` (`user_id`, `full_name`, `email`, `created_by`, `created_at`, `last_attendance_verification`, `consecutive_misses`) VALUES
(1, 'Abdul Basit', 'basitzahid0@gmail.com', 1, '2026-05-06 16:02:50', '2026-05-06 17:05:04', 0),
(2, 'Abdul Basitt', 'ab772k@gmail.com', 1, '2026-05-06 17:00:08', '2026-05-06 17:07:06', 0);

-- --------------------------------------------------------

--
-- Table structure for table `verification_attempts`
--

CREATE TABLE `verification_attempts` (
  `attempt_id` int(11) NOT NULL,
  `user_id` int(11) NOT NULL,
  `challenge_id` varchar(36) NOT NULL,
  `phrase_used` text NOT NULL,
  `spoken_text` text DEFAULT NULL,
  `text_match_score` float DEFAULT NULL,
  `text_verification_passed` tinyint(1) DEFAULT NULL,
  `biometric_score` float DEFAULT NULL,
  `final_decision` enum('accepted','rejected') DEFAULT NULL,
  `attempt_timestamp` timestamp NOT NULL DEFAULT current_timestamp(),
  `spoof_score` float DEFAULT NULL,
  `spoof_detected` tinyint(1) DEFAULT NULL
) ENGINE=InnoDB DEFAULT CHARSET=utf8mb4 COLLATE=utf8mb4_general_ci;

--
-- Dumping data for table `verification_attempts`
--

INSERT INTO `verification_attempts` (`attempt_id`, `user_id`, `challenge_id`, `phrase_used`, `spoken_text`, `text_match_score`, `text_verification_passed`, `biometric_score`, `final_decision`, `attempt_timestamp`, `spoof_score`, `spoof_detected`) VALUES
(630, 1, '4d451b0c-1e39-421d-b7a6-07f490c4d842', '44 black bird find 49', '34 Blackbird find 49.', 0.857143, 1, 0.737698, 'accepted', '2026-05-06 16:05:47', 0.972158, 0),
(631, 1, '35ad92bd-2f9d-44eb-aa59-f18bf996841c', 'yellow bird find 71', NULL, 0, 0, NULL, NULL, '2026-05-06 16:07:40', 0.998713, 1),
(632, 1, '35ad92bd-2f9d-44eb-aa59-f18bf996841c', 'yellow bird find 71', 'Hello bird find 71', 0.894737, 1, 0.580813, 'accepted', '2026-05-06 16:09:37', 0.9854, 0),
(633, 1, '81b8d97b-26cc-415a-91f7-0b935e050f61', '47 lion bring orange 53', 'Hello there, what are you doing?', 0.15625, 0, 0.431381, 'rejected', '2026-05-06 16:10:06', 0.0197287, 0),
(634, 1, '81b8d97b-26cc-415a-91f7-0b935e050f61', '47 lion bring orange 53', 'Hello there, what are you doing?', 0.15625, 0, 0.515991, 'rejected', '2026-05-06 16:10:24', 0.0650848, 0),
(635, 1, '81b8d97b-26cc-415a-91f7-0b935e050f61', '47 lion bring orange 53', '47, 9, bring Orange 53.', 0.73913, 1, 0.591139, 'accepted', '2026-05-06 16:10:42', 0.987939, 0),
(636, 1, '1fa33ec2-a539-404a-8ab7-d1af1a0fd6b6', '47 black bird jump 88', '7 Blackbird Jump Patriot', 0.625, 0, 0.581165, 'rejected', '2026-05-06 17:02:15', 0.790105, 0),
(637, 1, '1fa33ec2-a539-404a-8ab7-d1af1a0fd6b6', '47 black bird jump 88', '47 Blackbird Jump 88', 0.952381, 1, 0.71415, 'accepted', '2026-05-06 17:02:37', 0.635317, 0),
(638, 1, '14a93bc0-1815-4960-a56d-1cbe3644b3cb', '57 yellow lion bring 67', 'Taiwan Yellow Lion Ring 67', 0.730769, 1, 0.601596, 'accepted', '2026-05-06 17:04:52', 0.00193935, 0),
(639, 2, 'a76d22a7-312c-4465-b41c-72d7cd1ce546', 'blue fish run 98', 'Fish run 98', 0.6875, 0, 0.570735, 'rejected', '2026-05-06 17:06:39', 0.978774, 0),
(640, 2, 'a76d22a7-312c-4465-b41c-72d7cd1ce546', 'blue fish run 98', 'Blue Fish Run 98', 1, 1, 0.68898, 'accepted', '2026-05-06 17:06:52', 0.887882, 0),
(641, 1, '28799b7c-0ec4-486d-b278-99aa05d170f8', '71 white bear take 71', '21 white beard take 71', 0.909091, 1, 0.705581, 'accepted', '2026-05-06 17:07:47', 0.918459, 0);

-- --------------------------------------------------------

--
-- Table structure for table `voice_enrollments`
--

CREATE TABLE `voice_enrollments` (
  `id` int(11) NOT NULL,
  `user_id` int(11) NOT NULL,
  `audio_id` varchar(36) NOT NULL,
  `file_path` varchar(255) NOT NULL,
  `created_at` timestamp NOT NULL DEFAULT current_timestamp()
) ENGINE=InnoDB DEFAULT CHARSET=utf8mb4 COLLATE=utf8mb4_general_ci;

--
-- Dumping data for table `voice_enrollments`
--

INSERT INTO `voice_enrollments` (`id`, `user_id`, `audio_id`, `file_path`, `created_at`) VALUES
(116, 1, 'c8363c97-f4cf-4642-8e54-b92e862466fc', 'uploads/audio\\enrollment_1_c8363c97-f4cf-4642-8e54-b92e862466fc.wav', '2026-05-06 16:02:50'),
(117, 1, 'fdc80310-2ed8-4f92-b3e5-16027c3564f0', 'uploads/audio\\enrollment_1_fdc80310-2ed8-4f92-b3e5-16027c3564f0.wav', '2026-05-06 16:02:50'),
(118, 1, '163980d8-a895-4eeb-ab5b-32df8af1e01d', 'uploads/audio\\enrollment_1_163980d8-a895-4eeb-ab5b-32df8af1e01d.wav', '2026-05-06 16:02:50'),
(119, 1, '5a949e5a-2cbb-4431-832c-7254825f7b99', 'uploads/audio\\enrollment_1_5a949e5a-2cbb-4431-832c-7254825f7b99.wav', '2026-05-06 16:02:50'),
(120, 1, '79755c63-e4b9-478b-bec1-8c054029157f', 'uploads/audio\\enrollment_1_79755c63-e4b9-478b-bec1-8c054029157f.wav', '2026-05-06 16:02:50'),
(121, 2, '1355ba7b-3033-4027-885f-72671b716ea1', 'uploads/audio\\enrollment_2_1355ba7b-3033-4027-885f-72671b716ea1.wav', '2026-05-06 17:00:08'),
(122, 2, 'e96ddcaa-4336-44f8-9d28-b2d41d7770af', 'uploads/audio\\enrollment_2_e96ddcaa-4336-44f8-9d28-b2d41d7770af.wav', '2026-05-06 17:00:08'),
(123, 2, 'c68f8ccf-c6ca-479a-885b-c82404664163', 'uploads/audio\\enrollment_2_c68f8ccf-c6ca-479a-885b-c82404664163.wav', '2026-05-06 17:00:08'),
(124, 2, '55c8ee5c-5cc8-427d-b748-3bd967c7975f', 'uploads/audio\\enrollment_2_55c8ee5c-5cc8-427d-b748-3bd967c7975f.wav', '2026-05-06 17:00:08'),
(125, 2, '3f697c26-5253-40fe-b4e4-cbcbb57a1dfb', 'uploads/audio\\enrollment_2_3f697c26-5253-40fe-b4e4-cbcbb57a1dfb.wav', '2026-05-06 17:00:09');

-- --------------------------------------------------------

--
-- Table structure for table `voice_enrollment_mfcc`
--

CREATE TABLE `voice_enrollment_mfcc` (
  `id` int(11) NOT NULL,
  `enrollment_id` int(11) NOT NULL,
  `mfcc_features` longtext CHARACTER SET utf8mb4 COLLATE utf8mb4_bin NOT NULL CHECK (json_valid(`mfcc_features`)),
  `audio_duration` float DEFAULT NULL,
  `sample_rate` int(11) DEFAULT NULL,
  `num_frames` int(11) DEFAULT NULL,
  `created_at` timestamp NOT NULL DEFAULT current_timestamp()
) ENGINE=InnoDB DEFAULT CHARSET=utf8mb4 COLLATE=utf8mb4_general_ci;

--
-- Indexes for dumped tables
--

--
-- Indexes for table `attendance_logs`
--
ALTER TABLE `attendance_logs`
  ADD PRIMARY KEY (`log_id`),
  ADD KEY `idx_attendance_user_time` (`user_id`,`verification_timestamp`),
  ADD KEY `idx_attendance_decision` (`final_decision`);

--
-- Indexes for table `deleted_user_ids`
--
ALTER TABLE `deleted_user_ids`
  ADD PRIMARY KEY (`user_id`);

--
-- Indexes for table `managers`
--
ALTER TABLE `managers`
  ADD PRIMARY KEY (`manager_id`),
  ADD UNIQUE KEY `username` (`username`);

--
-- Indexes for table `speaker_embeddings`
--
ALTER TABLE `speaker_embeddings`
  ADD PRIMARY KEY (`id`),
  ADD KEY `enrollment_id` (`enrollment_id`);

--
-- Indexes for table `users`
--
ALTER TABLE `users`
  ADD PRIMARY KEY (`user_id`),
  ADD UNIQUE KEY `email` (`email`),
  ADD KEY `created_by` (`created_by`),
  ADD KEY `idx_users_email` (`email`);

--
-- Indexes for table `verification_attempts`
--
ALTER TABLE `verification_attempts`
  ADD PRIMARY KEY (`attempt_id`),
  ADD KEY `idx_verification_user` (`user_id`),
  ADD KEY `idx_verification_timestamp` (`attempt_timestamp`);

--
-- Indexes for table `voice_enrollments`
--
ALTER TABLE `voice_enrollments`
  ADD PRIMARY KEY (`id`),
  ADD UNIQUE KEY `audio_id` (`audio_id`),
  ADD KEY `idx_voice_enrollments_user_id` (`user_id`);

--
-- Indexes for table `voice_enrollment_mfcc`
--
ALTER TABLE `voice_enrollment_mfcc`
  ADD PRIMARY KEY (`id`),
  ADD KEY `idx_voice_enrollment_mfcc_enrollment_id` (`enrollment_id`);

--
-- AUTO_INCREMENT for dumped tables
--

--
-- AUTO_INCREMENT for table `attendance_logs`
--
ALTER TABLE `attendance_logs`
  MODIFY `log_id` int(11) NOT NULL AUTO_INCREMENT, AUTO_INCREMENT=92;

--
-- AUTO_INCREMENT for table `managers`
--
ALTER TABLE `managers`
  MODIFY `manager_id` int(11) NOT NULL AUTO_INCREMENT, AUTO_INCREMENT=2;

--
-- AUTO_INCREMENT for table `speaker_embeddings`
--
ALTER TABLE `speaker_embeddings`
  MODIFY `id` int(11) NOT NULL AUTO_INCREMENT, AUTO_INCREMENT=126;

--
-- AUTO_INCREMENT for table `users`
--
ALTER TABLE `users`
  MODIFY `user_id` int(11) NOT NULL AUTO_INCREMENT, AUTO_INCREMENT=6;

--
-- AUTO_INCREMENT for table `verification_attempts`
--
ALTER TABLE `verification_attempts`
  MODIFY `attempt_id` int(11) NOT NULL AUTO_INCREMENT, AUTO_INCREMENT=642;

--
-- AUTO_INCREMENT for table `voice_enrollments`
--
ALTER TABLE `voice_enrollments`
  MODIFY `id` int(11) NOT NULL AUTO_INCREMENT, AUTO_INCREMENT=126;

--
-- AUTO_INCREMENT for table `voice_enrollment_mfcc`
--
ALTER TABLE `voice_enrollment_mfcc`
  MODIFY `id` int(11) NOT NULL AUTO_INCREMENT, AUTO_INCREMENT=11;

--
-- Constraints for dumped tables
--

--
-- Constraints for table `attendance_logs`
--
ALTER TABLE `attendance_logs`
  ADD CONSTRAINT `attendance_logs_ibfk_1` FOREIGN KEY (`user_id`) REFERENCES `users` (`user_id`) ON DELETE CASCADE;

--
-- Constraints for table `speaker_embeddings`
--
ALTER TABLE `speaker_embeddings`
  ADD CONSTRAINT `speaker_embeddings_ibfk_1` FOREIGN KEY (`enrollment_id`) REFERENCES `voice_enrollments` (`id`) ON DELETE CASCADE;

--
-- Constraints for table `users`
--
ALTER TABLE `users`
  ADD CONSTRAINT `users_ibfk_1` FOREIGN KEY (`created_by`) REFERENCES `managers` (`manager_id`);

--
-- Constraints for table `verification_attempts`
--
ALTER TABLE `verification_attempts`
  ADD CONSTRAINT `verification_attempts_ibfk_1` FOREIGN KEY (`user_id`) REFERENCES `users` (`user_id`) ON DELETE CASCADE;

--
-- Constraints for table `voice_enrollments`
--
ALTER TABLE `voice_enrollments`
  ADD CONSTRAINT `voice_enrollments_ibfk_1` FOREIGN KEY (`user_id`) REFERENCES `users` (`user_id`) ON DELETE CASCADE;

--
-- Constraints for table `voice_enrollment_mfcc`
--
ALTER TABLE `voice_enrollment_mfcc`
  ADD CONSTRAINT `voice_enrollment_mfcc_ibfk_1` FOREIGN KEY (`enrollment_id`) REFERENCES `voice_enrollments` (`id`) ON DELETE CASCADE;
COMMIT;

/*!40101 SET CHARACTER_SET_CLIENT=@OLD_CHARACTER_SET_CLIENT */;
/*!40101 SET CHARACTER_SET_RESULTS=@OLD_CHARACTER_SET_RESULTS */;
/*!40101 SET COLLATION_CONNECTION=@OLD_COLLATION_CONNECTION */;
